,yhat
2025-09-10 01:23:40,2934.439910218469
2025-09-10 01:23:50,2673.6310860083177
2025-09-10 01:24:00,2518.0710556035933
2025-09-10 01:24:10,2474.12100983869
2025-09-10 01:24:20,1960.599422480343
2025-09-10 01:24:30,1983.152735438649
2025-09-10 01:24:40,1873.27762102639
2025-09-10 01:24:50,2067.583086513332
2025-09-10 01:25:00,1967.5389033905913
2025-09-10 01:25:10,2056.0172849962523
2025-09-10 01:25:20,2128.303544478001
2025-09-10 01:25:30,2036.9337124930705
2025-09-10 01:25:40,2060.6436056030843
2025-09-10 01:25:50,2062.9567659065
2025-09-10 01:26:00,2291.959635944682
2025-09-10 01:26:10,2420.9183228601223
2025-09-10 01:26:20,2789.2891011791166
2025-09-10 01:26:30,2821.67334542694
2025-09-10 01:26:40,2405.8827808879187
2025-09-10 01:26:50,2522.6973762104253
2025-09-10 01:27:00,2555.081620458249
2025-09-10 01:27:10,2774.8318492827666
2025-09-10 01:27:20,2356.1498343644753
2025-09-10 01:27:30,2245.6964298763623
2025-09-10 01:27:40,2251.479330634902
2025-09-10 01:27:50,2298.3208267790756
2025-09-10 01:28:00,2242.8049794970925
2025-09-10 01:28:10,2366.559055729847
2025-09-10 01:28:20,2533.1065975757974
2025-09-10 01:28:30,2445.784796121844
2025-09-10 01:28:40,2390.268948839861
2025-09-10 01:28:50,2163.579239105095
2025-09-10 01:29:00,2178.614781077299
2025-09-10 01:29:10,2237.0220787385524
2025-09-10 01:29:20,2397.7867198259623
2025-09-10 01:29:30,2252.0576207107565
2025-09-10 01:29:40,2230.6608879041582
2025-09-10 01:29:50,2248.587880255632
2025-09-10 01:30:00,2430.1709640737863
2025-09-10 01:30:10,2257.840521469296
2025-09-10 01:30:20,2144.4956666019134
2025-09-10 01:30:30,2131.1949948572715
2025-09-10 01:30:40,2507.661834238221
2025-09-10 01:30:50,1952.5033614183874
2025-09-10 01:31:00,2209.8424451734145
2025-09-10 01:31:10,1986.044185817919
2025-09-10 01:31:20,2617.5369486504806
2025-09-10 01:31:30,2115.5811628092133
2025-09-10 01:31:40,2107.485101747258
2025-09-10 01:31:50,2293.1162160963895
2025-09-10 01:32:00,2367.715635881555
2025-09-10 01:32:10,2466.6032388525878
2025-09-10 01:32:20,2450.98940680453
2025-09-10 01:32:30,3161.707910029089
2025-09-10 01:32:40,2662.643574567092
2025-09-10 01:32:50,2557.973070837519
2025-09-10 01:33:00,2392.0038190674227
2025-09-10 01:33:10,2518.6493456794474
2025-09-10 01:33:20,2413.9788419498745
2025-09-10 01:33:30,2435.9538648323264
2025-09-10 01:33:40,2324.9221702683594
2025-09-10 01:33:50,2352.680093909351
2025-09-10 01:34:00,2280.393834427602
2025-09-10 01:34:10,2378.7031473227808
2025-09-10 01:34:20,2839.600337778414
2025-09-10 01:34:30,3599.473497450562
2025-09-10 01:34:40,2803.1680629996126
2025-09-10 01:34:50,2954.101772797505
2025-09-10 01:35:00,3069.7597879683035
2025-09-10 01:35:10,2784.0844904964306
2025-09-10 01:35:20,2521.540796058717
2025-09-10 01:35:30,2728.568643214447
2025-09-10 01:35:40,2305.838597765178
2025-09-10 01:35:50,2390.2689488398605
2025-09-10 01:36:00,2354.414964136913
2025-09-10 01:36:10,2711.7982310146813
2025-09-10 01:36:20,2274.610933669062
2025-09-10 01:36:30,2152.013437588015
2025-09-10 01:36:40,2826.877956109626
2025-09-10 01:36:50,2631.415910470976
2025-09-10 01:37:00,2360.7761549713073
2025-09-10 01:37:10,2400.0998801293786
2025-09-10 01:37:20,2663.8001547187996
2025-09-10 01:37:30,2440.0018953633044
2025-09-10 01:37:40,2376.968277095219
2025-09-10 01:37:50,2286.1767351861417
2025-09-10 01:38:00,2343.4274526956874
2025-09-10 01:38:10,2475.2775899903977
2025-09-10 01:38:20,2499.565773176266
2025-09-10 01:38:30,2514.6013151484694
2025-09-10 01:38:40,2684.618597449544
2025-09-10 01:38:50,2541.780948713607
2025-09-10 01:39:00,2491.46971211431
2025-09-10 01:39:10,2508.2401243140753
2025-09-10 01:39:20,2748.808795869337
2025-09-10 01:39:30,2670.1613455531938
2025-09-10 01:39:40,2367.137345805701
2025-09-10 01:39:50,2525.0105365138415
2025-09-10 01:40:00,2803.7463530754662
2025-09-10 01:40:10,2327.2353305717756
2025-09-10 01:40:20,2722.207452380053
2025-09-10 01:40:30,2642.9817119880563
2025-09-10 01:40:40,2472.964429686982
2025-09-10 01:40:50,2313.3563687512797
2025-09-10 01:41:00,2565.490841823621
2025-09-10 01:41:10,2375.811696943511
2025-09-10 01:41:20,2557.394780761665
2025-09-10 01:41:30,2381.5945977020506
2025-09-10 01:41:40,2313.9346588271337
2025-09-10 01:41:50,2242.804979497092
2025-09-10 01:42:00,2327.2353305717756
2025-09-10 01:42:10,2707.7502004837033
2025-09-10 01:42:20,2383.3294679296127
2025-09-10 01:42:30,2073.365987271872
2025-09-10 01:42:40,1928.2151782325195
2025-09-10 01:42:50,2154.326597891431
2025-09-10 01:43:00,2531.3717273482353
2025-09-10 01:43:10,2293.11621609639
2025-09-10 01:43:20,2388.534078612299
2025-09-10 01:43:30,2220.82995661464
2025-09-10 01:43:40,2386.799208384737
2025-09-10 01:43:50,2600.1882463748602
2025-09-10 01:44:00,3335.773222861141
2025-09-10 01:44:10,3119.492734491747
2025-09-10 01:44:20,4375.538779246622
2025-09-10 01:44:30,2859.840490433304
2025-09-10 01:44:40,2929.2352995357833
2025-09-10 01:44:50,2725.6771928351773
2025-09-10 01:45:00,3047.784765085852
2025-09-10 01:45:10,3072.6512383475733
2025-09-10 01:45:20,3877.631023936333
2025-09-10 01:45:30,4180.655023683827
2025-09-10 01:45:40,3639.375512684487
2025-09-10 01:45:50,2630.8376203951225
2025-09-10 01:46:00,2400.0998801293786
2025-09-10 01:46:10,2712.3765210905353
2025-09-10 01:46:20,2512.2881548450537
2025-09-10 01:46:30,2527.3236968172573
2025-09-10 01:46:40,2519.2276357553014
2025-09-10 01:46:50,2705.437040180287
2025-09-10 01:47:00,2513.444734996762
2025-09-10 01:47:10,2356.728124440329
2025-09-10 01:47:20,2211.5773154009767
2025-09-10 01:47:30,2511.7098647691996
2025-09-10 01:47:40,2515.1796052243235
2025-09-10 01:47:50,2219.0950863870785
2025-09-10 01:48:00,2334.7531015578775
2025-09-10 01:48:10,2102.280491064572
2025-09-10 01:48:20,2209.8424451734145
2025-09-10 01:48:30,2466.6032388525878
2025-09-10 01:48:40,2642.4034219122022
2025-09-10 01:48:50,2499.5657731762653
2025-09-10 01:49:00,2079.7271781062664
2025-09-10 01:49:10,2087.823239168222
2025-09-10 01:49:20,2249.7444604073403
2025-09-10 01:49:30,2457.350597638924
2025-09-10 01:49:40,2505.9269640106595
2025-09-10 01:49:50,2402.991330508649
2025-09-10 01:50:00,2669.5830554773397
2025-09-10 01:50:10,2652.23435320172
2025-09-10 01:50:20,2905.5254064257692
2025-09-10 01:50:30,2597.8750860714445
2025-09-10 01:50:40,2781.1930401171608
2025-09-10 01:50:50,2613.488918119502
2025-09-10 01:51:00,3171.5388413186065
2025-09-10 01:51:10,2773.675269131059
2025-09-10 01:51:20,3198.7184748837444
2025-09-10 01:51:30,2976.6550857558104
2025-09-10 01:51:40,3327.098871723331
2025-09-10 01:51:50,2932.126749915053
2025-09-10 01:52:00,3000.3649788658245
2025-09-10 01:52:10,2684.0403073736898
2025-09-10 01:52:20,2796.2285820893644
2025-09-10 01:52:30,3051.8327956168296
2025-09-10 01:52:40,3146.672368056885
2025-09-10 01:52:50,3410.95093272216
2025-09-10 01:53:00,3314.376490054543
2025-09-10 01:53:10,3394.180520522394
2025-09-10 01:53:20,3098.0960016851495
2025-09-10 01:53:30,3399.963421280934
2025-09-10 01:53:40,2766.1574981449567
2025-09-10 01:53:50,2515.1796052243235
2025-09-10 01:54:00,2503.0355136313897
2025-09-10 01:54:10,2551.611880003125
2025-09-10 01:54:20,2678.2574066151496
2025-09-10 01:54:30,2780.6147500413067
2025-09-10 01:54:40,2303.5254374617616
2025-09-10 01:54:50,2282.706994731018
2025-09-10 01:55:00,2961.619543783607
2025-09-10 01:55:10,2785.2410706481387
2025-09-10 01:55:20,3242.6685206486477
2025-09-10 01:55:30,2733.194963821279
2025-09-10 01:55:40,2672.47450585661
2025-09-10 01:55:50,2436.53215490818
2025-09-10 01:56:00,2303.5254374617616
2025-09-10 01:56:10,2644.138292139764
2025-09-10 01:56:20,2108.063391823112
2025-09-10 01:56:30,2474.1210098386896
2025-09-10 01:56:40,2571.273742582161
2025-09-10 01:56:50,2668.4264753256316
2025-09-10 01:57:00,2738.977864579819
2025-09-10 01:57:10,2633.7290707743923
2025-09-10 01:57:20,2093.027849850908
2025-09-10 01:57:30,2372.341956488387
2025-09-10 01:57:40,2308.1517580685936
2025-09-10 01:57:50,2542.937528865315
2025-09-10 01:58:00,2271.719483289792
2025-09-10 01:58:10,2023.6330407484284
2025-09-10 01:58:20,3024.653162051692
2025-09-10 01:58:30,3489.598383038303
2025-09-10 01:58:40,2586.8875746302188
2025-09-10 01:58:50,2637.198811229516
2025-09-10 01:59:00,2786.9759408757004
2025-09-10 01:59:10,2845.383238536954
2025-09-10 01:59:20,2549.877009775563
2025-09-10 01:59:30,2540.046078486045
2025-09-10 01:59:40,2269.98461306223
